"Timestamp","Your full name","Email address ","Current Position","Institution","Telephone","Gender","Country","Region","Zone","In which type of organization do you currently work?","Which hands-on-training do you want to attend in person?"
"2023/02/06 1:45:06 PM GMT+3","Solomon Abdissa Terefe","solabdi2002@yahoo.com ","Obstetrician and Gynecologist ","Batu General Hospital ","0913299253","Male","Ethiopia ","Oromia","East Shoa","Governmental Organization","Advanced Obstetric Ultrasound"
"2023/02/06 3:12:46 PM GMT+3","Adanech  Mergia","adanech.belay@yahoo","Obgyn specialist ","Hemen MCH","+251911229723","Female","Ethiopia ","Addis Ababa ","6 ","Private Institution","Practical skills in Advanced Operative Obstetrics"
"2023/02/06 3:58:18 PM GMT+3","Kebede Amena","kebeamena@gmail.com","Ob.gyn","Adama hospital medical college ","0911629046","Male","Ethiopia ","Oromia","E.shoa","Governmental Organization","Practical skills in Advanced Operative Obstetrics"
"2023/02/06 6:31:00 PM GMT+3","Semir sultan Ahmed","Sultansemir@gmail ","Assistant proffesor ","Haramaya University","+251985740338","Male","Ethiopoa","Harar","13","Academic Institution","Laparoscopy: update and basic skills training"
"2023/02/06 7:30:10 PM GMT+3","JALEL HUNDESA","Jalelhu@yahoomail.com","Obstetrician ","Private Instution","0911261176","Male","Ethiopia","Addis Ababa","NSL","Private Institution","Advanced Obstetric Ultrasound"
"2023/02/07 10:44:24 AM GMT+3","ANBESSE JIMA BATI","anbessejima@yahoo.com","Obstetrician and gynecologost","Yirgalem hospital","0932214353","Male","Ethiopia","Sidama","Dale","Governmental Organization","Practical skills in Advanced Operative Obstetrics"